Location,Population,PopulationType,Market,PotentialRevenue,PresentRevenue,Vehicles,Distribution
Pulivendla (M),98230.6,FTP,Rural Towns,916819,0,0,Direct
Rajampet (NP + OG),80805.4,FTP,Rural Towns,754184,1109775.73,2,Direct
Visakhapatnam,2538000,TLP,Urban,23688000,2315912.73,13,Direct
Vijayawada,1931000,TLP,Urban,18022667,7512738.68,24,Direct
Guntur,1001759.2,TLP,Urban,9349753,8048234.85,12,Direct
Nellore,818693.2,FLP,Urban,7641137,8379069.61,8,Direct
Kurnool,684161.4,FLP,Urban,6385506,2029811.72,4,Direct
Kakinada,574353,FLP,Urban,5360628,3893470.72,4,Direct
Rajahmundry,562617.9,FLP,Urban,5251100,932380.34,6,Direct
Kadapa,476778.9,OLP,Urban,4449936,4284162.49,16,Direct
Tirupati,438664.2,OLP,Urban,4094199,3978800.34,0,Direct
Anantapur,413201.5,OLP,Urban,3856547,851749.33,4,Direct
Vizianagaram,341936.4,OLP,Urban,3191406,0,4,Direct
Eluru,325939.9,OLP,Urban,3042106,2821046.78,8,Direct
Nandyal,316079.4,OLP,Urban,2950074,511800.94,4,Direct
Ongole,306095.4,OLP,Urban,2856890,4705948.98,4,Direct
Adoni,276014.7,OLP,Semi Urban,2576137,0,2,Direct
Madanapalle,269369.1,OLP,Semi Urban,2514112,850129.44,1,Direct
Machilipatnam,253988.8,OLP,Semi Urban,2370562,1174260.78,1,Direct
Tenali (M),246581.4,OLP,Semi Urban,2301426,1215359.17,1,Direct
Proddatur (M + OG),245135.8,OLP,Semi Urban,2287934,0,1,Direct
Chittoor (M + OG),240279,OLP,Semi Urban,2242604,1731411.4,0,Direct
Hindupur (M),226757.7,OLP,Semi Urban,2116405,39898.66,1,Direct
Bhimavaram (M + OG),219706.5,OLP,Semi Urban,2050594,93508.8,1,Direct
Srikakulam (M + OG) (Part),202373.6,OLP,Semi Urban,1888820,0,0,Direct
Guntakal (M),188774.3,OLP,Semi Urban,1761893,0,0,Direct
Dharmavaram (M),182201.5,OLP,Semi Urban,1700547,0,0,Direct
Gudivada (M),176659.6,OLP,Semi Urban,1648823,248392.17,1,Direct
Narasaraopet (M + OG),175645.6,OLP,Semi Urban,1639359,678627.18,1,Direct
Tadpatri (M),161716.1,OLP,Semi Urban,1509350,0,0,Direct
Mangalagiri (M + OG),160260.1,OLP,Semi Urban,1495761,828728.35,1,Direct
Tadepalligudem (M + OG),155528.1,OLP,Semi Urban,1451596,244326.76,1,Direct
Chilakaluripet (M),151590.4,OLP,Semi Urban,1414844,472287.94,1,Direct
Yemmiganur (M),142247.3,OLP,Semi Urban,1327641,0,0,Direct
Rayachoti (M),136394.7,OLP,Semi Urban,1273017,1715553.01,2,Direct
Kavali (M + OG),134698.2,OLP,Semi Urban,1257183,1209279.31,0,Direct
Kadiri (M),133695.9,OLP,Semi Urban,1247828,682608.7,1,Direct
Chirala (M + OG) (Part),133620.5,OLP,Semi Urban,1247125,308668.59,0,Direct
Anakapalle (M),129346.1,OLP,Semi Urban,1207230,582262.56,0,Direct
Palacole (M + OG),121392.7,OLP,Semi Urban,1132999,0,1,Direct
Srikalahasti (M),119683.2,OLP,Semi Urban,1117043,866715.07,1,Direct
Tanuku (M + OG),116552.8,OLP,Semi Urban,1087826,806910.63,2,Direct
Gudur (M + OG) (Part),109658.9,OLP,Semi Urban,1023483,469738.5,1,Direct
Markapur (M),106282.8,OLP,Semi Urban,991973,0,0,Direct
Bapatla (M),105812.2,OLP,Semi Urban,987581,241977.93,0,Direct
Tadepalle (M + OG),95902.3,FTP,Rural Towns,895088,0,0,Direct
Piduguralla (NP),94338.4,FTP,Rural Towns,880492,570086.75,0,Direct
Vinukonda (M + OG),93512.9,FTP,Rural Towns,872787,224786.37,1,Direct
Nagari (M),93068.3,FTP,Rural Towns,868637,0,0,Direct
Rayadurg (M),92314.3,FTP,Rural Towns,861600,64836.58,1,Direct
Ponnur (M),89570,FTP,Rural Towns,835987,264352.46,1,Direct
Dhone (NP),88611.9,FTP,Rural Towns,827044,0,0,Direct
Narasapur (M),87861.8,FTP,Rural Towns,820043,317326.74,1,Direct
Nuzvid (M),87592.7,FTP,Rural Towns,817532,0,0,Direct
Palasa Kasibugga (M),85972.9,FTP,Rural Towns,802414,430545.89,2,Direct
Macherla (M),85649.2,FTP,Rural Towns,799393,295755.5,1,Direct
Kandukur (M),85582.9,FTP,Rural Towns,798774,877488.25,1,Direct
Samalkot (M),85012.2,FTP,Rural Towns,793447,0,0,Direct
Bobbili (M),84944.6,FTP,Rural Towns,792816,0,0,Direct
Sattenapalle (M),84797.7,FTP,Rural Towns,791445,0,0,Direct
Mandapeta (M + OG),83813.6,FTP,Rural Towns,782260,153708.84,1,Direct
Bheemunipatnam (M + OG),82347.2,FTP,Rural Towns,768574,0,0,Direct
Pithapuram (M + OG),82014.4,FTP,Rural Towns,765468,0,0,Direct
Punganur (M),81845.4,FTP,Rural Towns,763890,562765.19,1,Direct
Puttur (M),80867.8,FTP,Rural Towns,754766,0,0,Direct
Parvathipuram (M),80497.3,FTP,Rural Towns,751308,0,0,Direct
Jaggaiahpet (M),80028,FTP,Rural Towns,746928,0,1,Direct
Tuni (M),79870.7,FTP,Rural Towns,745460,0,2,Direct
Amalapuram (M),79580.8,FTP,Rural Towns,742754,99741.6,2,Direct
Venkatagiri (M + OG),78768.3,FTP,Rural Towns,735171,0,0,Direct
Palamaner (M + OG) (Part),76918.4,FTP,Rural Towns,717905,0,0,Direct
Repalle (M),76044.8,FTP,Rural Towns,709751,1370632.38,1,Direct
Salur (M),74002.5,FTP,Rural Towns,690690,0,1,Direct
Peddapuram (M),73968.7,FTP,Rural Towns,690375,0,0,Direct
Jangareddigudem,73245.9,FTP,Rural Towns,683628,0,0,Direct
Gooty (CT),72744.1,FTP,Rural Towns,678945,144050.63,1,Direct
Nandi Kotkur,70194.8,FTP,Rural Towns,655151,0,0,Direct
Vuyyuru,69503.2,FTP,Rural Towns,648697,0,0,Direct
Jammalamadugu (NP),68872.7,FTP,Rural Towns,642812,0,1,Direct
Atmakur,68325.4,FTP,Rural Towns,637704,0,0,Direct
Dowleswaram (CT),66732.9,FTP,Rural Towns,622840,0,0,Direct
Nandigama,66316.9,FTP,Rural Towns,618958,0,0,Direct
Akkarampalle (CT),66107.6,FTP,Rural Towns,617004,0,0,Direct
Nidadavole (M),65494,FTP,Rural Towns,611277,0,0,Direct
Ramachandrapuram (M),65267.8,FTP,Rural Towns,609166,0,0,Direct
Rajam (NP),63085.1,FTP,Rural Towns,588794,0,1,Direct
Badvel (M) (Part),62501.4,FTP,Rural Towns,583346,493165.39,1,Direct
Pileru (CT),62025.6,FTP,Rural Towns,578906,971082.81,1,Direct
Ipuru Palem (Part),60520.2,FTP,Rural Towns,564855,0,0,Direct
Amadalavalasa (M),59499.7,FTP,Rural Towns,555331,0,0,Direct
Kovvur (M),59302.1,FTP,Rural Towns,553486,0,0,Direct
Kodur (East),58914.7,FTP,Rural Towns,549871,426734.08,0,Direct
Bethamcherla (CT),58295.9,FTP,Rural Towns,544095,0,0,Direct
Vetapalem (CT),57813.6,FTP,Rural Towns,539594,0,0,Direct
Tirupati (NMA) (CT),56761.9,FTP,Rural Towns,529778,0,1,Direct
Kanigiri (U) (CT),55942.9,FTP,Rural Towns,522134,324539.18,1,Direct
Kadiam,55537.3,FTP,Rural Towns,518348,0,0,Direct
Ichchapuram (M),54557.1,FTP,Rural Towns,509200,0,0,Direct
Vempalle,53866.8,FTP,Rural Towns,502757,0,0,Direct
Uravakonda (CT),53170,FTP,Rural Towns,496253,0,0,Direct
Giddaluru (CT),52549.9,FTP,Rural Towns,490466,0,0,Direct
Vavveru,50534.9,FTP,Rural Towns,471659,0,0,Direct
Narsipatnam (CT),50467.3,FTP,Rural Towns,471028,132528.63,2,Direct
Darsi,49960.3,UFTP,Rural Villages,466296,0,0,Indirect
Kondapalle (CT),49892.7,UFTP,Rural Villages,465665,0,0,Indirect
Addanki (North) (U),49458.5,UFTP,Rural Villages,461613,0,0,Indirect
Yeleswaram,49271.3,UFTP,Rural Villages,459865,0,0,Indirect
Yerraguntla (CT),48698,UFTP,Rural Villages,454515,0,0,Indirect
Kalyandurg (CT),48330.1,UFTP,Rural Villages,451081,110593.38,1,Indirect
Kovur,47962.2,UFTP,Rural Villages,447647,0,0,Indirect
Podili (CT),46562.1,UFTP,Rural Villages,434580,0,0,Indirect
Thummapala,46397,UFTP,Rural Villages,433039,0,0,Indirect
Chirala (CT),46133.1,UFTP,Rural Villages,430576,0,1,Indirect
Pedana (M),45927.7,UFTP,Rural Villages,428659,0,0,Indirect
Chimakurthi,45267.3,UFTP,Rural Villages,422495,0,0,Indirect
Kakkalapalle (CT),45041.1,UFTP,Rural Villages,420384,0,0,Indirect
Allagadda,44534.1,UFTP,Rural Villages,415652,0,0,Direct
Ibrahimpatnam (CT),44001.1,UFTP,Rural Villages,410677,0,0,Indirect
Atmakur,43981.6,UFTP,Rural Villages,410495,693030.56,0,Indirect
Pattikonda,43865.9,UFTP,Rural Villages,409415,0,0,Indirect
Kodumur,43097.6,UFTP,Rural Villages,402244,0,0,Indirect
Badvel (M) (Part),43084.6,UFTP,Rural Villages,402123,0,0,Indirect
Tekkali (CT),42803.8,UFTP,Rural Villages,399502,0,0,Indirect
Ramanayyapeta (CT),42411.2,UFTP,Rural Villages,395838,0,0,Indirect
Srungavarapukota,42315,UFTP,Rural Villages,394940,0,0,Indirect
Tangutur,41340,UFTP,Rural Villages,385840,0,0,Indirect
Sulluru (Sullurpeta) (CT),41119,UFTP,Rural Villages,383777,0,0,Indirect
Penukonda,40935.7,UFTP,Rural Villages,382067,756750.6,1,Indirect
Yelamanchili (CT),40761.5,UFTP,Rural Villages,380441,0,1,Indirect
Payakaraopeta (CT),40366.3,UFTP,Rural Villages,376752,0,1,Indirect
Pamidi,40194.7,UFTP,Rural Villages,375151,54593.18,1,Indirect
Anaparthy,40047.8,UFTP,Rural Villages,373779,85319.32,1,Direct
Mamidalapadu (CT),39907.4,UFTP,Rural Villages,372469,0,0,Indirect
Narasannapeta (CT),39288.6,UFTP,Rural Villages,366694,0,0,Indirect
B.Kothakota,39156,UFTP,Rural Villages,365456,0,0,Indirect
Gurazala,39154.7,UFTP,Rural Villages,365444,0,0,Indirect
Renigunta (CT),38916.8,UFTP,Rural Villages,363223,1038269.75,1,Indirect
Chintalapudi,38798.5,UFTP,Rural Villages,362119,0,0,Indirect
GVMC (Part),38212.2,UFTP,Rural Villages,356647,524885.88,0,Indirect
Attili,37381.5,UFTP,Rural Villages,348894,0,0,Indirect
S.Mydukur,37139.7,UFTP,Rural Villages,346637,547109.12,1,Indirect
Avilala (CT),37134.5,UFTP,Rural Villages,346589,0,0,Indirect
Palacharla,36766.6,UFTP,Rural Villages,343155,0,0,Indirect
Gorantla,36756.2,UFTP,Rural Villages,343058,0,1,Indirect
Polekurru,36702.9,UFTP,Rural Villages,342560,0,0,Indirect
Kothapeta,36686,UFTP,Rural Villages,342403,526278.81,1,Direct
Akividu,36636.6,UFTP,Rural Villages,341942,125577.74,1,Indirect
Mogalthur,36162.1,UFTP,Rural Villages,337513,189422.32,1,Indirect
Kosigi,36127,UFTP,Rural Villages,337185,0,0,Indirect
Suryaraopeta (CT),36047.7,UFTP,Rural Villages,336445,0,0,Indirect
Yadiki,35907.3,UFTP,Rural Villages,335135,0,0,Indirect
Gollaprolu,35703.2,UFTP,Rural Villages,333230,0,0,Indirect
Koilkuntla,35669.4,UFTP,Rural Villages,332914,0,0,Indirect
Avanigadda,35487.4,UFTP,Rural Villages,331216,796462.41,1,Indirect
Mummidivaram,35479.6,UFTP,Rural Villages,331143,0,0,Indirect
Katheru (CT),35240.4,UFTP,Rural Villages,328910,0,0,Indirect
Kadapa (M Corp. + OG) (Part),34989.5,UFTP,Rural Villages,326569,0,0,Indirect
Pedakakani,34685.3,UFTP,Rural Villages,323729,0,0,Indirect
Ravulapalem,34596.9,UFTP,Rural Villages,322904,0,0,Indirect
Velgode,34456.5,UFTP,Rural Villages,321594,0,0,Direct
Tiruchanur (CT),34329.1,UFTP,Rural Villages,320405,0,0,Indirect
Gopavaram (CT),34288.8,UFTP,Rural Villages,320029,0,0,Indirect
Losarigutlapadu,34132.8,UFTP,Rural Villages,318573,0,0,Indirect
Velpuru,34037.9,UFTP,Rural Villages,317687,0,0,Indirect
Kanchikacherla,34019.7,UFTP,Rural Villages,317517,0,0,Indirect
Eluru (R) (Part),33573.8,UFTP,Rural Villages,313355,0,0,Indirect
Parimpudi,33338.5,UFTP,Rural Villages,311159,0,0,Indirect
Gudur,33294.3,UFTP,Rural Villages,310747,469738.5,0,Indirect
Ankireddipalem (R),33272.2,UFTP,Rural Villages,310541,0,0,Indirect
Bukkarayasamudram,32890,UFTP,Rural Villages,306973,0,0,Indirect
Kuppam (CT),32834.1,UFTP,Rural Villages,306452,180799.78,1,Indirect
Mylavaram,32535.1,UFTP,Rural Villages,303661,780543.14,1,Indirect
Alluru Kotha Patnam,32484.4,UFTP,Rural Villages,303188,0,0,Indirect
Veeravasaram,32468.8,UFTP,Rural Villages,303042,0,0,Indirect
Chagallu,32445.4,UFTP,Rural Villages,302824,0,0,Indirect
Pakala,32240,UFTP,Rural Villages,300907,0,0,Indirect
Madakasira,32089.2,UFTP,Rural Villages,299499,0,0,Indirect
Ganapavaram,32078.8,UFTP,Rural Villages,299402,0,0,Indirect
"Srisailam Project(RFC)
Township (CT)",32071,UFTP,Rural Villages,299329,0,0,Indirect
Martur,32043.7,UFTP,Rural Villages,299075,0,0,Indirect
Pamarru,31985.2,UFTP,Rural Villages,298529,0,0,Indirect
Kaikalur,31831.8,UFTP,Rural Villages,297097,0,0,Indirect
Chagalamarri,31826.6,UFTP,Rural Villages,297048,0,0,Indirect
Nizampatnam,31367.7,UFTP,Rural Villages,292765,0,0,Indirect
Vinnamala (CT),31281.9,UFTP,Rural Villages,291964,0,0,Indirect
Palakonda (CT),31036.2,UFTP,Rural Villages,289671,0,2,Indirect
Banaganapalle (CT),31019.3,UFTP,Rural Villages,289513,0,0,Direct
Gannavaram,30988.1,UFTP,Rural Villages,289222,0,0,Indirect
Vinjamur,30855.5,UFTP,Rural Villages,287985,283651.67,1,Indirect
Kamalapuram,30830.8,UFTP,Rural Villages,287754,0,0,Indirect
Nellimarla (CT),30644.9,UFTP,Rural Villages,286019,0,0,Indirect
Chandragiri,30347.2,UFTP,Rural Villages,283241,0,1,Indirect
Chodavaram (CT),30275.7,UFTP,Rural Villages,282573,0,0,Indirect
Pamur (CT),29900,UFTP,Rural Villages,279067,0,0,Indirect
Kolamuru,29803.8,UFTP,Rural Villages,278169,0,0,Indirect
L.A.Sagaram (CT),29757,UFTP,Rural Villages,277732,0,0,Indirect
Karlapalem,29711.5,UFTP,Rural Villages,277307,0,0,Indirect
Kanekal,29498.3,UFTP,Rural Villages,275317,52000.65,1,Indirect
Gorantla (Part),29468.4,UFTP,Rural Villages,275038,0,0,Indirect
Nambur,29415.1,UFTP,Rural Villages,274541,0,0,Indirect
Achanta,29162.9,UFTP,Rural Villages,272187,0,0,Indirect
Rameswaram (CT),29126.5,UFTP,Rural Villages,271847,0,0,Indirect
Singarayakonda (RS) (CT),29003,UFTP,Rural Villages,270695,0,0,Indirect
Yerragonda Palem,29000.4,UFTP,Rural Villages,270670,0,0,Indirect
Peruru,28887.3,UFTP,Rural Villages,269615,0,0,Indirect
Mangalam (CT),28880.8,UFTP,Rural Villages,269554,0,0,Indirect
Arumbaka,28561,UFTP,Rural Villages,266569,0,0,Indirect
Chinaganjam,28494.7,UFTP,Rural Villages,265951,0,0,Indirect
Dachepalle,28467.4,UFTP,Rural Villages,265696,0,1,Indirect
Narpala,28377.7,UFTP,Rural Villages,264859,0,0,Indirect
Somandepalle (CT),28247.7,UFTP,Rural Villages,263645,0,0,Indirect
Sriramnagar (CT),28245.1,UFTP,Rural Villages,263621,0,0,Indirect
Jaggampeta,28224.3,UFTP,Rural Villages,263427,0,0,Indirect
Sompeta (CT),28073.5,UFTP,Rural Villages,262019,0,1,Indirect
Nadim Tiruvuru (CT),27757.6,UFTP,Rural Villages,259071,0,0,Indirect
Tadikonda,27665.3,UFTP,Rural Villages,258209,0,0,Indirect
Sirvel,27625,UFTP,Rural Villages,257833,0,0,Indirect
Yeditha,27565.2,UFTP,Rural Villages,257275,0,0,Indirect
Kalidindi,26998.4,UFTP,Rural Villages,251985,0,0,Indirect
Veldurthi,26746.2,UFTP,Rural Villages,249631,0,0,Indirect
Bodduvani Palem,26738.4,UFTP,Rural Villages,249558,0,0,Indirect
Vissannapet,26689,UFTP,Rural Villages,249097,0,0,Indirect
Inkollu,26283.4,UFTP,Rural Villages,245312,0,0,Indirect
Valmikipuram,26214.5,UFTP,Rural Villages,244669,0,0,Indirect
Vedurupaka,25954.5,UFTP,Rural Villages,242242,0,0,Indirect
Ellamanda,25916.8,UFTP,Rural Villages,241890,0,0,Indirect
Nadikudi,25771.2,UFTP,Rural Villages,240531,0,0,Indirect
Machavaram,25691.9,UFTP,Rural Villages,239791,0,0,Indirect
Challapalle,25515.1,UFTP,Rural Villages,238141,0,0,Indirect
Pernametta (Part),25476.1,UFTP,Rural Villages,237777,0,0,Indirect
Hukumpeta (CT),25392.9,UFTP,Rural Villages,237000,0,0,Indirect
Srikurmam,25374.7,UFTP,Rural Villages,236831,0,0,Indirect
Kotha Peta (Part),25312.3,UFTP,Rural Villages,236248,0,0,Indirect
Kamavarapukota,25101.7,UFTP,Rural Villages,234283,0,0,Indirect
Gonegandla,24953.5,UFTP,Rural Villages,232899,0,0,Indirect
Podalakur,24909.3,UFTP,Rural Villages,232487,0,0,Indirect
Gunjepalle,24856,UFTP,Rural Villages,231989,0,0,Indirect
Pericherla,24761.1,UFTP,Rural Villages,231104,0,0,Indirect
Rentachintala,24701.3,UFTP,Rural Villages,230545,0,0,Indirect
Gudipallipadu,24648,UFTP,Rural Villages,230048,0,0,Indirect
Gokavaram,24501.1,UFTP,Rural Villages,228677,97507.8,1,Indirect
Phirangipuram,24466,UFTP,Rural Villages,228349,0,0,Indirect
Galiveedu,24434.8,UFTP,Rural Villages,228058,0,0,Indirect
Kota,24274.9,UFTP,Rural Villages,226566,0,0,Indirect
Tadikalapudi,24271,UFTP,Rural Villages,226529,0,0,Indirect
Porumamilla,24220.3,UFTP,Rural Villages,226056,243701.73,1,Indirect
Chennur,24108.5,UFTP,Rural Villages,225013,0,0,Indirect
Kollur,24038.3,UFTP,Rural Villages,224357,0,0,Indirect
Vontimitta,24020.1,UFTP,Rural Villages,224188,0,1,Indirect
Penugonda,23977.2,UFTP,Rural Villages,223787,0,0,Indirect
Pathapatnam,23851.1,UFTP,Rural Villages,222610,0,0,Indirect
Udayagiri @ Kondayapalem,23726.3,UFTP,Rural Villages,221445,0,1,Indirect
Vetlapalem,23557.3,UFTP,Rural Villages,219868,0,0,Indirect
Kasimkota,23550.8,UFTP,Rural Villages,219807,0,0,Indirect
Sakhinetipalle,23501.4,UFTP,Rural Villages,219346,0,0,Indirect
Thummalapenta,23479.3,UFTP,Rural Villages,219140,0,0,Indirect
Kolakaluru,23332.4,UFTP,Rural Villages,217769,0,0,Indirect
Antarvedi,23329.8,UFTP,Rural Villages,217745,0,0,Indirect
Chilamathur,23095.8,UFTP,Rural Villages,215561,0,0,Indirect
Kambadur,23084.1,UFTP,Rural Villages,215452,0,0,Indirect
Morampudi (CT),22942.4,UFTP,Rural Villages,214129,0,0,Indirect
Maddikera (East),22915.1,UFTP,Rural Villages,213874,0,0,Indirect
Undi,22906,UFTP,Rural Villages,213789,0,0,Indirect
Bapulapadu,22757.8,UFTP,Rural Villages,212406,0,0,Indirect
Peapally,22724,UFTP,Rural Villages,212091,0,0,Indirect
Thondangi,22707.1,UFTP,Rural Villages,211933,0,0,Indirect
Cumbum (CT),22677.2,UFTP,Rural Villages,211654,0,0,Indirect
Puttaparthi,22556.3,UFTP,Rural Villages,210525,145696.11,1,Indirect
T Sundupalle,22447.1,UFTP,Rural Villages,209506,0,0,Indirect
Balighattam,22427.6,UFTP,Rural Villages,209324,0,0,Indirect
Addanki (South) (U),22334,UFTP,Rural Villages,208451,0,0,Indirect
Kothapalle,22314.5,UFTP,Rural Villages,208269,0,0,Indirect
Chebrolu,22293.7,UFTP,Rural Villages,208075,0,0,Indirect
Cheepurupalle (CT),22196.2,UFTP,Rural Villages,207165,0,0,Indirect
Devarapalle,22119.5,UFTP,Rural Villages,206449,0,1,Indirect
Koduru,22046.7,UFTP,Rural Villages,205769,0,0,Indirect
Kona Forest,22035,UFTP,Rural Villages,205660,0,0,Indirect
Kothakota,21929.7,UFTP,Rural Villages,204677,0,0,Indirect
Kankipadu (CT),21850.4,UFTP,Rural Villages,203937,0,0,Indirect
Vemagiri,21846.5,UFTP,Rural Villages,203901,0,1,Indirect
Holagunda,21816.6,UFTP,Rural Villages,203622,0,0,Indirect
Kothacheruvu,21773.7,UFTP,Rural Villages,203221,0,0,Indirect
Panyam,21769.8,UFTP,Rural Villages,203185,0,0,Indirect
Relangi,21765.9,UFTP,Rural Villages,203148,0,0,Indirect
Pakala,21628.1,UFTP,Rural Villages,201862,0,0,Indirect
Alur,21567,UFTP,Rural Villages,201292,0,0,Indirect
Karempudi,21505.9,UFTP,Rural Villages,200722,0,1,Indirect
G. Mamidada,21494.2,UFTP,Rural Villages,200613,0,0,Indirect
Penuganchiprolu,21489,UFTP,Rural Villages,200564,0,0,Indirect
Vatluru,21479.9,UFTP,Rural Villages,200479,0,0,Indirect
Muthukur,21427.9,UFTP,Rural Villages,199994,0,0,Indirect
Kothavalasa (CT),21409.7,UFTP,Rural Villages,199824,0,0,Indirect
Veeraghattam,21400.6,UFTP,Rural Villages,199739,0,0,Indirect
Banumukkala (CT),21388.9,UFTP,Rural Villages,199630,0,0,Indirect
Prathipadu,21386.3,UFTP,Rural Villages,199605,0,0,Indirect
Unguturu,21348.6,UFTP,Rural Villages,199254,0,0,Indirect
Biccavolu,21346,UFTP,Rural Villages,199229,0,0,Indirect
Narayanapuram (CT),21269.3,UFTP,Rural Villages,198513,0,0,Indirect
Chebrolu,21252.4,UFTP,Rural Villages,198356,0,0,Indirect
Kesanapalle,21221.2,UFTP,Rural Villages,198065,0,0,Indirect
Antarvedipalem,21171.8,UFTP,Rural Villages,197603,0,0,Indirect
Peda Palakaluru (Part),20913.1,UFTP,Rural Villages,195189,0,0,Indirect
Prasadampadu (CT),20841.6,UFTP,Rural Villages,194522,0,0,Indirect
Padugupadu,20809.1,UFTP,Rural Villages,194218,0,0,Indirect
Khandavalli,20757.1,UFTP,Rural Villages,193733,0,0,Indirect
Polavaram,20722,UFTP,Rural Villages,193405,0,0,Indirect
Papampeta (CT),20706.4,UFTP,Rural Villages,193260,0,0,Indirect
Bogole,20530.9,UFTP,Rural Villages,191622,0,0,Indirect
Katrenikona,20449,UFTP,Rural Villages,190857,0,0,Indirect
Bhimadole,20434.7,UFTP,Rural Villages,190724,80001,1,Indirect
Razole,20328.1,UFTP,Rural Villages,189729,0,0,Direct
Duvva,20325.5,UFTP,Rural Villages,189705,0,0,Indirect
A.V.Nagaram,20281.3,UFTP,Rural Villages,189292,0,0,Indirect
Mulakaledu,20209.8,UFTP,Rural Villages,188625,0,0,Indirect
Nallajerla,20118.8,UFTP,Rural Villages,187775,0,0,Indirect
Amaravathi,20033,UFTP,Rural Villages,186975,904080.11,0,Indirect
Parchur,19995.3,UFTP,Rural Villages,186623,0,0,Indirect
Undrajavaram,19873.1,UFTP,Rural Villages,185482,0,0,Indirect
Lakshmaneswaram,19871.8,UFTP,Rural Villages,185470,0,0,Indirect
Agiripalle,19857.5,UFTP,Rural Villages,185337,0,0,Indirect
Doddipatla,19821.1,UFTP,Rural Villages,184997,0,0,Indirect
Katevaram,19747,UFTP,Rural Villages,184305,0,0,Indirect
Komaragiripatnam,19730.1,UFTP,Rural Villages,184148,0,0,Indirect
S. Annavaram (R),19719.7,UFTP,Rural Villages,184051,0,0,Indirect
Sidhantham,19715.8,UFTP,Rural Villages,184014,0,0,Indirect
Rapur,19665.1,UFTP,Rural Villages,183541,353980.44,0,Indirect
Ryali,19618.3,UFTP,Rural Villages,183104,0,0,Indirect
K.Rajupalem,19593.6,UFTP,Rural Villages,182874,0,0,Indirect
Dubacherla,19585.8,UFTP,Rural Villages,182801,0,0,Indirect
Pedavadlapudi,19548.1,UFTP,Rural Villages,182449,0,0,Indirect
Kalikiri,19532.5,UFTP,Rural Villages,182303,0,0,Indirect
Pulla,19498.7,UFTP,Rural Villages,181988,0,0,Indirect
Pedakurapadu,19455.8,UFTP,Rural Villages,181587,0,0,Indirect
Dommeru,19435,UFTP,Rural Villages,181393,0,0,Indirect
Kollipara,19407.7,UFTP,Rural Villages,181139,0,0,Indirect
Uppada,19381.7,UFTP,Rural Villages,180896,0,0,Indirect
N.Mydukur,19371.3,UFTP,Rural Villages,180799,0,0,Indirect
Peddapalle,19353.1,UFTP,Rural Villages,180629,0,0,Indirect
Lakshmipuram,19323.2,UFTP,Rural Villages,180350,0,0,Indirect
Pentapadu,19268.6,UFTP,Rural Villages,179840,0,0,Indirect
Tadpatri (R),19164.6,UFTP,Rural Villages,178870,0,0,Indirect
Venkatagirikota,19139.9,UFTP,Rural Villages,178639,1420628.33,1,Indirect
Peda Boddepalle (CT),19107.4,UFTP,Rural Villages,178336,0,0,Indirect
Jami,19034.6,UFTP,Rural Villages,177656,0,0,Indirect
Duvvur,19026.8,UFTP,Rural Villages,177583,0,0,Indirect
Madugula,18993,UFTP,Rural Villages,177268,0,0,Indirect
Bathalapalle,18982.6,UFTP,Rural Villages,177171,0,0,Indirect
Kodigenahalli,18933.2,UFTP,Rural Villages,176710,0,0,Indirect
Ponduru (CT),18896.8,UFTP,Rural Villages,176370,0,0,Indirect
Jonnada,18879.9,UFTP,Rural Villages,176212,0,0,Indirect
Parigi,18857.8,UFTP,Rural Villages,176006,0,0,Indirect
Kandikuppa,18814.9,UFTP,Rural Villages,175606,0,0,Indirect
Karedu,18796.7,UFTP,Rural Villages,175436,0,0,Indirect
Vipparla,18764.2,UFTP,Rural Villages,175133,0,0,Indirect
Hissara Murvari,18687.5,UFTP,Rural Villages,174417,0,0,Indirect
Koringa,18679.7,UFTP,Rural Villages,174344,0,0,Indirect
Perupalem,18636.8,UFTP,Rural Villages,173943,0,0,Indirect
Pallamkurru,18571.8,UFTP,Rural Villages,173337,0,0,Indirect
Ananthapalle,18556.2,UFTP,Rural Villages,173191,0,0,Indirect
Gangavaram,18538,UFTP,Rural Villages,173021,0,0,Indirect
Buttayagudem,18528.9,UFTP,Rural Villages,172936,0,0,Indirect
Thummalamenta (CT),18497.7,UFTP,Rural Villages,172645,0,0,Indirect
Nagireddipalle (CT),18415.8,UFTP,Rural Villages,171881,0,0,Indirect
Yernagudem,18354.7,UFTP,Rural Villages,171311,0,0,Indirect
Singupuram,18348.2,UFTP,Rural Villages,171250,0,0,Indirect
Chamarru,18287.1,UFTP,Rural Villages,170680,0,0,Indirect
Polakal,18250.7,UFTP,Rural Villages,170340,0,0,Indirect
Sabbavaram,18239,UFTP,Rural Villages,170231,0,1,Indirect
Bukkapatnam,18232.5,UFTP,Rural Villages,170170,0,0,Indirect
Kajuluru,18115.5,UFTP,Rural Villages,169078,0,0,Indirect
Gavinivari Palem,18101.2,UFTP,Rural Villages,168945,0,0,Indirect
Pittalavanipalem,17993.3,UFTP,Rural Villages,167937,0,0,Indirect
Karvetinagar,17986.8,UFTP,Rural Villages,167877,0,0,Indirect
Velivennu,17967.3,UFTP,Rural Villages,167695,0,0,Indirect
Dornala,17929.6,UFTP,Rural Villages,167343,0,0,Indirect
Kaviti,17916.6,UFTP,Rural Villages,167222,494611.73,0,Indirect
Kubadpuram,17895.8,UFTP,Rural Villages,167027,0,0,Indirect
Tetagunta,17890.6,UFTP,Rural Villages,166979,0,0,Indirect
Anantharajupeta,17881.5,UFTP,Rural Villages,166894,0,0,Indirect
Kothuru,17876.3,UFTP,Rural Villages,166845,0,0,Indirect
Amarapuram,17865.9,UFTP,Rural Villages,166748,0,0,Indirect
Tanakal,17802.2,UFTP,Rural Villages,166154,0,0,Indirect
Gundugolanu,17782.7,UFTP,Rural Villages,165972,0,0,Indirect
Prathipadu,17754.1,UFTP,Rural Villages,165705,0,0,Indirect
Denduluru,17709.9,UFTP,Rural Villages,165292,0,0,Indirect
Pedavegi,17709.9,UFTP,Rural Villages,165292,0,0,Indirect
Kalipatnam,17699.5,UFTP,Rural Villages,165195,0,0,Indirect
Pedalanka,17677.4,UFTP,Rural Villages,164989,0,0,Indirect
Owk,17581.2,UFTP,Rural Villages,164091,0,0,Indirect
Shermahammadpuram,17574.7,UFTP,Rural Villages,164031,0,0,Indirect
Ganapavaram,17564.3,UFTP,Rural Villages,163933,0,0,Indirect
Chillakallu,17542.2,UFTP,Rural Villages,163727,0,0,Indirect
Kapileswarapuram,17488.9,UFTP,Rural Villages,163230,0,0,Indirect
Palukur,17452.5,UFTP,Rural Villages,162890,0,0,Indirect
Kowthalam,17447.3,UFTP,Rural Villages,162841,0,0,Indirect
Choppela,17443.4,UFTP,Rural Villages,162805,0,0,Indirect
Karamchedu,17442.1,UFTP,Rural Villages,162793,0,0,Indirect
Khajipet Sunkesula,17429.1,UFTP,Rural Villages,162672,0,0,Indirect
Allur,17425.2,UFTP,Rural Villages,162635,0,0,Indirect
Nandavaram,17418.7,UFTP,Rural Villages,162575,0,0,Indirect
Chebrolu,17381,UFTP,Rural Villages,162223,339577.98,1,Indirect
Raghudevapuram,17348.5,UFTP,Rural Villages,161919,0,0,Indirect
Kurabalakota,17316,UFTP,Rural Villages,161616,0,0,Indirect
Gopalapuram,17301.7,UFTP,Rural Villages,161483,0,0,Indirect
Jegurupadu,17297.8,UFTP,Rural Villages,161446,0,0,Indirect
Kesanakurru,17297.8,UFTP,Rural Villages,161446,0,0,Indirect
Krosuru,17265.3,UFTP,Rural Villages,161143,0,0,Indirect
Chennuru – II (Part),17254.9,UFTP,Rural Villages,161046,0,0,Indirect
Katravulapalle,17238,UFTP,Rural Villages,160888,0,0,Indirect
Sankaraguptham,17234.1,UFTP,Rural Villages,160852,0,0,Indirect
Kundurpi,17215.9,UFTP,Rural Villages,160682,0,0,Indirect
Satyavedu,17153.5,UFTP,Rural Villages,160099,0,0,Indirect
Bandarulanka (CT),17148.3,UFTP,Rural Villages,160051,0,0,Indirect
Kalakada,17134,UFTP,Rural Villages,159917,957073.09,0,Indirect
Nandyalampeta,17128.8,UFTP,Rural Villages,159869,0,0,Indirect
Modameedipalle (CT),17039.1,UFTP,Rural Villages,159032,0,0,Indirect
Konakondla,17015.7,UFTP,Rural Villages,158813,0,0,Indirect
Gundlapalle,16996.2,UFTP,Rural Villages,158631,0,0,Indirect
Chandole,16955.9,UFTP,Rural Villages,158255,0,0,Indirect
Cheemalapadu,16926,UFTP,Rural Villages,157976,0,0,Indirect
Janapadu,16920.8,UFTP,Rural Villages,157927,0,0,Indirect
Narayanavanam (CT),16823.3,UFTP,Rural Villages,157017,0,0,Indirect
Chilamkur,16802.5,UFTP,Rural Villages,156823,0,0,Indirect
Vemuladeevi,16777.8,UFTP,Rural Villages,156593,0,0,Indirect
Talupula,16763.5,UFTP,Rural Villages,156459,0,0,Indirect
Gudikal,16763.5,UFTP,Rural Villages,156459,0,0,Indirect
Bugganipalle,16751.8,UFTP,Rural Villages,156350,0,0,Indirect
Pathareddipalem,16729.7,UFTP,Rural Villages,156144,0,0,Indirect
Guntupalle (CT),16724.5,UFTP,Rural Villages,156095,0,0,Indirect
Kirikera,16720.6,UFTP,Rural Villages,156059,0,0,Indirect
Madala,16720.6,UFTP,Rural Villages,156059,0,0,Indirect
Nagalapuram,16693.3,UFTP,Rural Villages,155804,0,0,Indirect
C.Belagal,16690.7,UFTP,Rural Villages,155780,0,0,Indirect
Perur (CT),16634.8,UFTP,Rural Villages,155258,0,0,Indirect
Dharmavaram,16624.4,UFTP,Rural Villages,155161,0,0,Indirect
Duggirala,16591.9,UFTP,Rural Villages,154858,0,0,Indirect
Bhattiprolu,16582.8,UFTP,Rural Villages,154773,0,0,Indirect
Tadepalle,16565.9,UFTP,Rural Villages,154615,0,0,Indirect
Srungavruksham,16564.6,UFTP,Rural Villages,154603,0,0,Indirect
Manepalle,16547.7,UFTP,Rural Villages,154445,0,0,Indirect
Kunuthuru (R),16511.3,UFTP,Rural Villages,154105,0,0,Indirect
Sankhavaram,16503.5,UFTP,Rural Villages,154033,0,0,Indirect
Perali,16497,UFTP,Rural Villages,153972,0,0,Indirect
Rolla,16474.9,UFTP,Rural Villages,153766,0,0,Indirect
Dodleru,16448.9,UFTP,Rural Villages,153523,0,0,Indirect
Edlapadu,16438.5,UFTP,Rural Villages,153426,0,0,Indirect
Vanapalle,16407.3,UFTP,Rural Villages,153135,0,0,Indirect
Dhone (R) @ Dronachalam,16402.1,UFTP,Rural Villages,153086,0,0,Indirect
Ramabhadrapuram,16387.8,UFTP,Rural Villages,152953,0,0,Indirect
Chandarlapadu,16382.6,UFTP,Rural Villages,152904,0,0,Indirect
Nallamada,16361.8,UFTP,Rural Villages,152710,0,0,Indirect
Nadendla,16347.5,UFTP,Rural Villages,152577,0,0,Indirect
Nannur,16343.6,UFTP,Rural Villages,152540,0,0,Indirect
Buja Buja Nellore (CT),16335.8,UFTP,Rural Villages,152467,0,0,Indirect
Mutyalapalle,16304.6,UFTP,Rural Villages,152176,0,0,Indirect
Rambilli,16265.6,UFTP,Rural Villages,151812,0,0,Indirect
Rowthulapudi,16122.6,UFTP,Rural Villages,150478,0,0,Indirect
Nekarikallu,16113.5,UFTP,Rural Villages,150393,0,0,Indirect
Kandula Puram,16095.3,UFTP,Rural Villages,150223,0,0,Indirect
Pragadavaram,16078.4,UFTP,Rural Villages,150065,0,0,Indirect
Komarolu,16065.4,UFTP,Rural Villages,149944,0,0,Indirect
Chelluru,16045.9,UFTP,Rural Villages,149762,0,0,Indirect
Rajanagaram,16029,UFTP,Rural Villages,149604,0,0,Indirect
Durgada,16022.5,UFTP,Rural Villages,149543,0,0,Indirect
Melavoi,16018.6,UFTP,Rural Villages,149507,0,0,Indirect
Sangam,15993.9,UFTP,Rural Villages,149276,0,0,Indirect
Kathipudi,15966.6,UFTP,Rural Villages,149022,0,0,Indirect
Juvvaladinne,15958.8,UFTP,Rural Villages,148949,0,0,Indirect
Penumantra,15934.1,UFTP,Rural Villages,148718,0,0,Indirect
Gurramkonda,15909.4,UFTP,Rural Villages,148488,0,0,Indirect
Vempalle,15905.5,UFTP,Rural Villages,148451,0,0,Indirect
Atmakur,15896.4,UFTP,Rural Villages,148366,0,0,Indirect
Chinnamandem,15880.8,UFTP,Rural Villages,148221,0,0,Indirect
Manchala,15866.5,UFTP,Rural Villages,148087,0,0,Indirect
Arugolanu,15817.1,UFTP,Rural Villages,147626,0,0,Indirect
Lingamguntla Agraharam (Part),15797.6,UFTP,Rural Villages,147444,0,0,Indirect
Koppaka,15787.2,UFTP,Rural Villages,147347,0,0,Indirect
Karakambadi (Rural),15704,UFTP,Rural Villages,146571,0,0,Indirect
Devanakonda,15687.1,UFTP,Rural Villages,146413,0,0,Indirect
Gudlavalleru,15684.5,UFTP,Rural Villages,146389,0,0,Indirect
Yenumalapalle (CT),15670.2,UFTP,Rural Villages,146255,0,0,Indirect
Mulakalur,15623.4,UFTP,Rural Villages,145818,0,0,Indirect
Kaluvoya,15603.9,UFTP,Rural Villages,145636,0,0,Indirect
Akurajupalle,15574,UFTP,Rural Villages,145357,0,0,Indirect
Tripuranthakam,15536.3,UFTP,Rural Villages,145005,0,0,Indirect
Machavaram,15529.8,UFTP,Rural Villages,144945,0,0,Indirect
Sekuru,15518.1,UFTP,Rural Villages,144836,0,0,Indirect
Lingana Boinacherla,15511.6,UFTP,Rural Villages,144775,0,0,Indirect
Damalcheruvu,15464.8,UFTP,Rural Villages,144338,0,0,Indirect
Lakkavaram,15420.6,UFTP,Rural Villages,143926,0,0,Indirect
Buddavaram,15411.5,UFTP,Rural Villages,143841,0,0,Indirect
Lakkireddipalle,15402.4,UFTP,Rural Villages,143756,0,0,Indirect
Srisailamgudem Devasthanam,15380.3,UFTP,Rural Villages,143549,0,0,Indirect
Kesavaram,15358.2,UFTP,Rural Villages,143343,0,0,Indirect
Somireddipalle,15350.4,UFTP,Rural Villages,143270,0,0,Indirect
Kalamalla,15334.8,UFTP,Rural Villages,143125,0,0,Indirect
Lingamparthi,15250.3,UFTP,Rural Villages,142336,0,0,Indirect
Bellamkonda,15202.2,UFTP,Rural Villages,141887,0,0,Indirect
Roddam,15195.7,UFTP,Rural Villages,141827,0,0,Indirect
Gangolu,15193.1,UFTP,Rural Villages,141802,0,0,Indirect
Varini,15178.8,UFTP,Rural Villages,141669,0,0,Indirect
Valaparla,15176.2,UFTP,Rural Villages,141645,0,0,Indirect
Kaza,15171,UFTP,Rural Villages,141596,0,0,Indirect
Kornepadu,15150.2,UFTP,Rural Villages,141402,0,0,Indirect
Rompicherla,15146.3,UFTP,Rural Villages,141365,0,0,Indirect
Pothavaram,15145,UFTP,Rural Villages,141353,0,0,Indirect
Vemulapalle  @  Seetayyapalem,15085.2,UFTP,Rural Villages,140795,0,0,Indirect
Pydiparru,15082.6,UFTP,Rural Villages,140771,0,0,Indirect
Jaladanki,15081.3,UFTP,Rural Villages,140759,0,0,Indirect
Karapa,15078.7,UFTP,Rural Villages,140735,137312.27,1,Indirect
Medikonduru,15018.9,UFTP,Rural Villages,140176,0,0,Indirect
Lepakshi,15012.4,UFTP,Rural Villages,140116,0,0,Indirect
Isakapalle,15011.1,UFTP,Rural Villages,140104,0,0,Indirect
Gavaravaram (CT),14992.9,UFTP,Rural Villages,139934,0,0,Indirect
Munagapaka,14991.6,UFTP,Rural Villages,139922,0,0,Indirect
Allavaram,14939.6,UFTP,Rural Villages,139436,0,0,Indirect
Balabhadrapuram,14911,UFTP,Rural Villages,139169,0,0,Indirect
Rampachodavaram (CT),14878.5,UFTP,Rural Villages,138866,0,0,Indirect
Vejendla,14857.7,UFTP,Rural Villages,138672,0,0,Indirect
Chinna Orampadu,14846,UFTP,Rural Villages,138563,0,0,Indirect
Pulakurthy,14839.5,UFTP,Rural Villages,138502,0,0,Indirect
Angalakuduru,14830.4,UFTP,Rural Villages,138417,0,0,Indirect
Pudimadaka,14818.7,UFTP,Rural Villages,138308,0,0,Indirect
Vemulapudi,14810.9,UFTP,Rural Villages,138235,0,0,Indirect
Brahmanakraka,14807,UFTP,Rural Villages,138199,0,0,Indirect
Velampalem,14801.8,UFTP,Rural Villages,138150,0,0,Indirect
Ranga Samudram,14764.1,UFTP,Rural Villages,137798,0,0,Indirect
Reddigudem,14760.2,UFTP,Rural Villages,137762,0,0,Indirect
Kothapalle,14736.8,UFTP,Rural Villages,137543,0,0,Indirect
Bondada,14726.4,UFTP,Rural Villages,137446,0,0,Indirect
Potharlanka,14709.5,UFTP,Rural Villages,137289,0,0,Indirect
Manubolu,14708.2,UFTP,Rural Villages,137277,0,0,Indirect
Chinnathippasamudram,14684.8,UFTP,Rural Villages,137058,0,0,Indirect
Nallapadu  (R),14680.9,UFTP,Rural Villages,137022,0,0,Indirect
Vemuru,14644.5,UFTP,Rural Villages,136682,0,1,Indirect
Muddanur (CT),14613.3,UFTP,Rural Villages,136391,0,0,Indirect
Ampolu,14606.8,UFTP,Rural Villages,136330,0,0,Indirect
Ganapavaram,14582.1,UFTP,Rural Villages,136100,0,0,Indirect
Mandasa,14571.7,UFTP,Rural Villages,136003,0,0,Indirect
Veeravaram,14553.5,UFTP,Rural Villages,135833,0,0,Indirect
Paritala,14540.5,UFTP,Rural Villages,135711,0,0,Indirect
Alamuru,14535.3,UFTP,Rural Villages,135663,0,0,Indirect
Ilapakurru,14518.4,UFTP,Rural Villages,135505,0,0,Indirect
G. Vemavaram,14510.6,UFTP,Rural Villages,135432,0,0,Indirect
Dindi,14508,UFTP,Rural Villages,135408,0,0,Indirect
Ponnekallu,14505.4,UFTP,Rural Villages,135384,0,0,Indirect
G. Medapadu,14489.8,UFTP,Rural Villages,135238,0,0,Indirect
Santhamaguluru,14482,UFTP,Rural Villages,135165,0,0,Indirect
Pinnelli,14478.1,UFTP,Rural Villages,135129,0,0,Indirect
Gopalapuram,14470.3,UFTP,Rural Villages,135056,0,0,Indirect
Konidena,14427.4,UFTP,Rural Villages,134656,0,0,Indirect
Thurputallu,14427.4,UFTP,Rural Villages,134656,0,0,Indirect
Gandlapenta,14368.9,UFTP,Rural Villages,134110,0,0,Indirect
Kirlampudi,14365,UFTP,Rural Villages,134073,0,0,Indirect
Nadimpalem,14328.6,UFTP,Rural Villages,133734,0,0,Indirect
Srigiripadu,14320.8,UFTP,Rural Villages,133661,0,0,Indirect
Pagidyala,14320.8,UFTP,Rural Villages,133661,0,0,Indirect
Poduru,14319.5,UFTP,Rural Villages,133649,0,0,Indirect
Nandimandalam,14313,UFTP,Rural Villages,133588,0,0,Indirect
Iragavaram,14303.9,UFTP,Rural Villages,133503,0,0,Indirect
Nedunuru,14301.3,UFTP,Rural Villages,133479,0,0,Indirect
Gudibanda,14293.5,UFTP,Rural Villages,133406,0,0,Indirect
Vatsavai,14283.1,UFTP,Rural Villages,133309,0,0,Indirect
Avidi,14258.4,UFTP,Rural Villages,133078,0,0,Indirect
Kaikaram,14250.6,UFTP,Rural Villages,133006,0,0,Indirect
Edara,14240.2,UFTP,Rural Villages,132909,0,0,Indirect
T.Narasapuram,14225.9,UFTP,Rural Villages,132775,0,0,Indirect
Thammavaram,14222,UFTP,Rural Villages,132739,0,0,Indirect
Amalapuram (R),14214.2,UFTP,Rural Villages,132666,0,1,Indirect
Rajupeta,14185.6,UFTP,Rural Villages,132399,0,0,Indirect
Durgi,14172.6,UFTP,Rural Villages,132278,0,0,Indirect
Molagavalli,14164.8,UFTP,Rural Villages,132205,0,0,Indirect
Patha  Gannavaram,14141.4,UFTP,Rural Villages,131986,0,0,Indirect
Gollapalle,14131,UFTP,Rural Villages,131889,0,0,Indirect
Mutukuru,14099.8,UFTP,Rural Villages,131598,0,0,Indirect
Elurupadu,14086.8,UFTP,Rural Villages,131477,0,0,Indirect
Kapuluppada,14071.2,UFTP,Rural Villages,131331,0,0,Indirect
Aminabada,14064.7,UFTP,Rural Villages,131271,0,0,Indirect
Kalluru Agraharam,14059.5,UFTP,Rural Villages,131222,0,0,Indirect
Uppalaguptam,14049.1,UFTP,Rural Villages,131125,0,1,Indirect
Devarapalle,14049.1,UFTP,Rural Villages,131125,0,0,Indirect
Bayyanagudem,14042.6,UFTP,Rural Villages,131064,0,0,Indirect
Vadlamudi,13972.4,UFTP,Rural Villages,130409,0,0,Indirect
Bhogapuram,13964.6,UFTP,Rural Villages,130336,0,0,Indirect
Ayyalur (Part),13963.3,UFTP,Rural Villages,130324,0,0,Indirect
Putrela,13946.4,UFTP,Rural Villages,130166,0,0,Indirect
Nagayalanka,13934.7,UFTP,Rural Villages,130057,0,0,Indirect
Cheepurupalle (East ),13929.5,UFTP,Rural Villages,130009,0,0,Indirect
Tadimalla,13915.2,UFTP,Rural Villages,129875,0,0,Indirect
Isakapalem,13912.6,UFTP,Rural Villages,129851,0,0,Indirect
Draksharama,13902.2,UFTP,Rural Villages,129754,0,0,Indirect
T. Challapalle,13890.5,UFTP,Rural Villages,129645,0,0,Indirect
Allaparru,13890.5,UFTP,Rural Villages,129645,0,0,Indirect
Someswaram,13869.7,UFTP,Rural Villages,129451,0,0,Indirect
Palthur,13859.3,UFTP,Rural Villages,129353,0,0,Indirect
Rajapudi,13854.1,UFTP,Rural Villages,129305,0,0,Indirect
Edupugallu,13847.6,UFTP,Rural Villages,129244,0,0,Indirect
Atchutapuratrayam,13843.7,UFTP,Rural Villages,129208,0,0,Indirect
Ghantasala,13825.5,UFTP,Rural Villages,129038,0,0,Indirect
Nutakki,13807.3,UFTP,Rural Villages,128868,0,0,Indirect
Korukonda,13795.6,UFTP,Rural Villages,128759,0,0,Indirect
Guthinadeevi,13791.7,UFTP,Rural Villages,128723,0,0,Indirect
Settipalle,13790.4,UFTP,Rural Villages,128710,0,0,Indirect
Gudapalle,13786.5,UFTP,Rural Villages,128674,0,0,Indirect
Pulletikurru,13765.7,UFTP,Rural Villages,128480,0,0,Indirect
Kodur (West),13764.4,UFTP,Rural Villages,128468,0,1,Indirect
Vissakoderu,13760.5,UFTP,Rural Villages,128431,0,0,Indirect
Gangadipalem,13751.4,UFTP,Rural Villages,128346,0,0,Indirect
Itikalapalle,13704.6,UFTP,Rural Villages,127910,0,0,Indirect
Kondakamarla,13631.8,UFTP,Rural Villages,127230,0,0,Indirect
Bannur,13603.2,UFTP,Rural Villages,126963,0,0,Indirect
Burugupudi,13590.2,UFTP,Rural Villages,126842,0,0,Indirect
Madiki,13581.1,UFTP,Rural Villages,126757,0,0,Indirect
Pandikona,13572,UFTP,Rural Villages,126672,0,0,Indirect
Kesarapalle,13568.1,UFTP,Rural Villages,126636,0,0,Indirect
Balaga (CT),13561.6,UFTP,Rural Villages,126575,0,0,Indirect
Angara,13551.2,UFTP,Rural Villages,126478,0,0,Indirect
Uppugundur,13544.7,UFTP,Rural Villages,126417,0,0,Indirect
Rupenaguntla,13514.8,UFTP,Rural Villages,126138,0,0,Indirect
Kurichedu,13495.3,UFTP,Rural Villages,125956,0,0,Indirect
Budili,13477.1,UFTP,Rural Villages,125786,0,0,Indirect
Kalicherla,13453.7,UFTP,Rural Villages,125568,0,0,Indirect
D.Hirehal,13448.5,UFTP,Rural Villages,125519,0,0,Indirect
Panasapadu,13445.9,UFTP,Rural Villages,125495,0,0,Indirect
Gudluru,13438.1,UFTP,Rural Villages,125422,0,0,Indirect
Telaprolu,13431.6,UFTP,Rural Villages,125362,0,0,Indirect
Laxmapuram,13431.6,UFTP,Rural Villages,125362,0,0,Indirect
Yelamanchili,13431.6,UFTP,Rural Villages,125362,0,0,Indirect
Kattamuru,13425.1,UFTP,Rural Villages,125301,0,0,Indirect
Nagambhotla Palem,13413.4,UFTP,Rural Villages,125192,0,0,Indirect
Valluru,13397.8,UFTP,Rural Villages,125046,0,0,Indirect
Chitvel,13369.2,UFTP,Rural Villages,124779,879287.23,1,Indirect
Kotabommali,13366.6,UFTP,Rural Villages,124755,0,0,Indirect
Guttikonda,13352.3,UFTP,Rural Villages,124621,0,0,Indirect
Kovvali,13343.2,UFTP,Rural Villages,124537,0,0,Indirect
Pudipatla,13334.1,UFTP,Rural Villages,124452,0,0,Indirect
Kadimetla,13334.1,UFTP,Rural Villages,124452,0,0,Indirect
China Annaluru,13331.5,UFTP,Rural Villages,124427,0,0,Indirect
Gajulapalle,13328.9,UFTP,Rural Villages,124403,0,0,Indirect
Elchur,13327.6,UFTP,Rural Villages,124391,0,0,Indirect
Hemavathi,13321.1,UFTP,Rural Villages,124330,0,0,Indirect
Bapatla East (R),13317.2,UFTP,Rural Villages,124294,0,0,Indirect
Chanubanda,13315.9,UFTP,Rural Villages,124282,0,0,Indirect
Maruproluvaripalem (R),13297.7,UFTP,Rural Villages,124112,0,0,Indirect
Thummalacheruvu,13288.6,UFTP,Rural Villages,124027,0,0,Indirect
Pedda Thumbalam,13284.7,UFTP,Rural Villages,123991,0,0,Indirect
Rayakuduru,13279.5,UFTP,Rural Villages,123942,0,0,Indirect
Gotlur,13269.1,UFTP,Rural Villages,123845,0,0,Indirect
Mudaramdoddi,13254.8,UFTP,Rural Villages,123711,0,0,Indirect
Pullalacheruvu,13247,UFTP,Rural Villages,123639,0,0,Indirect
Machavaram,13245.7,UFTP,Rural Villages,123627,0,0,Indirect
Yellayapalem,13237.9,UFTP,Rural Villages,123554,0,0,Indirect
Vaddadi,13188.5,UFTP,Rural Villages,123093,0,0,Indirect
Erraballe,13187.2,UFTP,Rural Villages,123081,0,0,Indirect
Murukondapadu,13185.9,UFTP,Rural Villages,123068,0,0,Indirect
Gulyam,13185.9,UFTP,Rural Villages,123068,0,0,Indirect
Adigoppula,13179.4,UFTP,Rural Villages,123008,0,0,Indirect
Kodur,13175.5,UFTP,Rural Villages,122971,0,0,Indirect
Gudivada (CT),13136.5,UFTP,Rural Villages,122607,0,0,Indirect
Patha Thungapadu,13105.3,UFTP,Rural Villages,122316,0,0,Indirect
Siripuram,13105.3,UFTP,Rural Villages,122316,0,0,Indirect
Vidapanakal,13100.1,UFTP,Rural Villages,122268,0,0,Indirect
Moda,13083.2,UFTP,Rural Villages,122110,0,0,Indirect
Reddipalle,13079.3,UFTP,Rural Villages,122073,0,0,Indirect
Penumadam,13075.4,UFTP,Rural Villages,122037,0,0,Indirect
Kunkalagunta,13074.1,UFTP,Rural Villages,122025,0,0,Indirect
Ternekal,13070.2,UFTP,Rural Villages,121989,0,0,Indirect
Rudravaram,13066.3,UFTP,Rural Villages,121952,0,0,Indirect
Kopparam,13066.3,UFTP,Rural Villages,121952,0,0,Indirect
Kutukuluru,13045.5,UFTP,Rural Villages,121758,0,0,Indirect
South Valluru,13036.4,UFTP,Rural Villages,121673,0,0,Indirect
Veeraballe,13036.4,UFTP,Rural Villages,121673,0,0,Indirect
Bapatla West (R),13035.1,UFTP,Rural Villages,121661,0,0,Indirect
Korumilli,13010.4,UFTP,Rural Villages,121430,0,0,Indirect
Neelapalle,13005.2,UFTP,Rural Villages,121382,0,0,Indirect
Angallu,12977.9,UFTP,Rural Villages,121127,0,0,Indirect
Kambhampadu,12977.9,UFTP,Rural Villages,121127,0,0,Indirect
Rompicherla,12975.3,UFTP,Rural Villages,121103,0,0,Indirect
Annadevarapeta,12963.6,UFTP,Rural Villages,120994,0,0,Indirect
Kadiri (R),12957.1,UFTP,Rural Villages,120933,0,0,Indirect
Chinthakommadinne (Part),12948,UFTP,Rural Villages,120848,0,0,Indirect
Velugubanda,12935,UFTP,Rural Villages,120727,0,0,Indirect
Kadali,12928.5,UFTP,Rural Villages,120666,0,0,Indirect
Dirusumarru,12924.6,UFTP,Rural Villages,120630,0,0,Indirect
Thatipaka,12902.5,UFTP,Rural Villages,120423,0,0,Indirect
Silagam,12893.4,UFTP,Rural Villages,120338,0,0,Indirect
Nidadavole (R),12883,UFTP,Rural Villages,120241,0,0,Indirect
A. Kothapalle,12863.5,UFTP,Rural Villages,120059,0,0,Indirect
Adavuladeevi,12847.9,UFTP,Rural Villages,119914,0,0,Indirect
Ananthasagaram,12838.8,UFTP,Rural Villages,119829,0,0,Indirect
Yerragundla,12833.6,UFTP,Rural Villages,119780,0,0,Indirect
Bendamurulanka,12820.6,UFTP,Rural Villages,119659,0,0,Indirect
Cheepurupalle (West),12816.7,UFTP,Rural Villages,119623,0,0,Indirect
Dharmajigudem,12803.7,UFTP,Rural Villages,119501,0,0,Indirect
Kommala Padu,12782.9,UFTP,Rural Villages,119307,0,0,Indirect
Peteru,12777.7,UFTP,Rural Villages,119259,0,0,Indirect
Kothavaripalle,12768.6,UFTP,Rural Villages,119174,0,0,Indirect
Konithiwada,12763.4,UFTP,Rural Villages,119125,0,0,Indirect
Gudimellanka,12743.9,UFTP,Rural Villages,118943,0,0,Indirect
Ratnagiri,12717.9,UFTP,Rural Villages,118700,0,0,Indirect
Murapaka,12714,UFTP,Rural Villages,118664,0,0,Indirect
Yerravaram,12714,UFTP,Rural Villages,118664,0,0,Indirect
Yalluru,12704.9,UFTP,Rural Villages,118579,0,0,Indirect
Enamadala,12676.3,UFTP,Rural Villages,118312,0,0,Indirect
Mutyalapadu,12647.7,UFTP,Rural Villages,118045,0,0,Indirect
Yadavole,12646.4,UFTP,Rural Villages,118033,0,0,Indirect
Mandapaka (Part),12638.6,UFTP,Rural Villages,117960,0,0,Indirect
Garbham,12625.6,UFTP,Rural Villages,117839,0,0,Indirect
Padarthi,12616.5,UFTP,Rural Villages,117754,0,0,Indirect
Jonnagiri,12613.9,UFTP,Rural Villages,117730,0,0,Indirect
Yerraguntakota,12590.5,UFTP,Rural Villages,117511,0,0,Indirect
Thamballapalle,12581.4,UFTP,Rural Villages,117426,0,0,Indirect
Vikruthamala,12581.4,UFTP,Rural Villages,117426,0,0,Indirect
Kummarapurugupalem,12573.6,UFTP,Rural Villages,117354,0,0,Indirect
Chippada,12565.8,UFTP,Rural Villages,117281,0,0,Indirect
Brahmasamedyam,12554.1,UFTP,Rural Villages,117172,0,0,Indirect
Vijayapuri South,12547.6,UFTP,Rural Villages,117111,0,0,Indirect
Gowrivaripalle,12538.5,UFTP,Rural Villages,117026,0,0,Indirect
Addepalli,12521.6,UFTP,Rural Villages,116868,0,0,Indirect
Srirangapatnam,12519,UFTP,Rural Villages,116844,0,0,Indirect
Guntur (R),12511.2,UFTP,Rural Villages,116771,0,0,Indirect
Kondakinda Agraharam,12508.6,UFTP,Rural Villages,116747,0,0,Indirect
Vadisaleru,12465.7,UFTP,Rural Villages,116347,0,0,Indirect
Dommara Nandyala (CT),12464.4,UFTP,Rural Villages,116334,0,0,Indirect
Ainavilli,12461.8,UFTP,Rural Villages,116310,0,0,Indirect
Korukollu,12457.9,UFTP,Rural Villages,116274,0,0,Indirect
Kolletikota,12446.2,UFTP,Rural Villages,116165,0,0,Indirect
Jaladurgam,12441,UFTP,Rural Villages,116116,0,0,Indirect
Tallur,12428,UFTP,Rural Villages,115995,0,0,Indirect
Ramasingavaram,12420.2,UFTP,Rural Villages,115922,0,0,Indirect
Edlapalle,12408.5,UFTP,Rural Villages,115813,0,0,Indirect
Devaguptam,12405.9,UFTP,Rural Villages,115788,0,0,Indirect
Devarapalle,12398.1,UFTP,Rural Villages,115716,93495.6,1,Direct
Ravinuthala,12377.3,UFTP,Rural Villages,115521,0,0,Indirect
Makkuva,12366.9,UFTP,Rural Villages,115424,0,0,Indirect
Dupadu,12365.6,UFTP,Rural Villages,115412,0,0,Indirect
Swarna,12348.7,UFTP,Rural Villages,115255,0,0,Indirect
Gampalagudem,12342.2,UFTP,Rural Villages,115194,0,0,Indirect
Rangapuram,12340.9,UFTP,Rural Villages,115182,0,0,Indirect
Indukurpet Bit - II,12340.9,UFTP,Rural Villages,115182,0,0,Indirect
Narendrapuram,12339.6,UFTP,Rural Villages,115170,0,0,Indirect
Kristam Setti Palle,12338.3,UFTP,Rural Villages,115157,0,0,Indirect
Tangellamudi (CT),12334.4,UFTP,Rural Villages,115121,0,0,Indirect
Tatiparthi,12317.5,UFTP,Rural Villages,114963,0,0,Indirect
Gattu,12314.9,UFTP,Rural Villages,114939,0,0,Indirect
Rachanapalle,12311,UFTP,Rural Villages,114903,0,0,Indirect
Tanelanka,12307.1,UFTP,Rural Villages,114866,0,0,Indirect
Chintalapudi,12292.8,UFTP,Rural Villages,114733,0,0,Indirect
Chaki Cherla,12291.5,UFTP,Rural Villages,114721,0,0,Indirect
Mulakalacheruvu,12282.4,UFTP,Rural Villages,114636,0,0,Indirect
Madithadu,12274.6,UFTP,Rural Villages,114563,0,0,Indirect
Kothuru,12272,UFTP,Rural Villages,114539,0,0,Indirect
Kallur,12265.5,UFTP,Rural Villages,114478,0,0,Indirect
Paravada,12262.9,UFTP,Rural Villages,114454,0,0,Indirect
Vakadu,12251.2,UFTP,Rural Villages,114345,0,0,Indirect
Vidavalur,12225.2,UFTP,Rural Villages,114102,0,0,Indirect
Pro. Ragampeta,12216.1,UFTP,Rural Villages,114017,0,0,Indirect
Peravali,12208.3,UFTP,Rural Villages,113944,0,0,Indirect
Nallamadu,12205.7,UFTP,Rural Villages,113920,0,0,Indirect
Pedapudi,12201.8,UFTP,Rural Villages,113883,0,0,Indirect
Konduru,12196.6,UFTP,Rural Villages,113835,0,0,Indirect
Mallepalle,12182.3,UFTP,Rural Villages,113701,0,0,Indirect
Pedda Kadubur,12179.7,UFTP,Rural Villages,113677,0,0,Indirect
Sanivarapupeta (CT),12171.9,UFTP,Rural Villages,113604,0,0,Indirect
Ponnada,12168,UFTP,Rural Villages,113568,0,0,Indirect
Chinagollapalem,12166.7,UFTP,Rural Villages,113556,0,0,Indirect
Dulla,12158.9,UFTP,Rural Villages,113483,0,0,Indirect
Pasalapudi,12155,UFTP,Rural Villages,113447,0,0,Indirect
Kothalanka,12142,UFTP,Rural Villages,113325,0,0,Indirect
Vellatur,12139.4,UFTP,Rural Villages,113301,0,0,Indirect
Mangasamudram (CT),12129,UFTP,Rural Villages,113204,0,0,Indirect
Gangalakurru,12091.3,UFTP,Rural Villages,112852,0,0,Indirect
Konada,12066.6,UFTP,Rural Villages,112622,0,0,Indirect
Kaligiri,12061.4,UFTP,Rural Villages,112573,0,0,Indirect
Kavuluru,12060.1,UFTP,Rural Villages,112561,0,0,Indirect
Mulukuduru,12053.6,UFTP,Rural Villages,112500,0,0,Indirect
Anigandlapadu,12052.3,UFTP,Rural Villages,112488,0,0,Indirect
Kamepalle,12032.8,UFTP,Rural Villages,112306,0,0,Indirect
Ravipadu,12030.2,UFTP,Rural Villages,112282,0,0,Indirect
Lakshmipolavaram,12022.4,UFTP,Rural Villages,112209,0,0,Indirect
Puritipenta,12018.5,UFTP,Rural Villages,112173,0,0,Indirect
Nallacheruvu,11993.8,UFTP,Rural Villages,111942,0,0,Indirect
Utukuru,11983.4,UFTP,Rural Villages,111845,0,0,Indirect
Kesavadasupalem,11976.9,UFTP,Rural Villages,111784,0,0,Indirect
Rajavommangi,11963.9,UFTP,Rural Villages,111663,0,0,Indirect
Kanumolu,11962.6,UFTP,Rural Villages,111651,0,0,Indirect
Jagapathinagaram,11957.4,UFTP,Rural Villages,111602,0,0,Indirect
Emani,11957.4,UFTP,Rural Villages,111602,0,0,Indirect
Apparaopeta,11957.4,UFTP,Rural Villages,111602,0,0,Indirect
Chitrada,11948.3,UFTP,Rural Villages,111517,0,0,Indirect
Throvagunta,11948.3,UFTP,Rural Villages,111517,0,0,Indirect
Rangampeta,11934,UFTP,Rural Villages,111384,0,0,Indirect
Kalavapudi,11932.7,UFTP,Rural Villages,111372,0,0,Indirect
Yazali,11922.3,UFTP,Rural Villages,111275,0,0,Indirect
Pedaganjam,11918.4,UFTP,Rural Villages,111238,0,0,Indirect
Peddapadu,11918.4,UFTP,Rural Villages,111238,0,0,Indirect
Takkellapadu,11909.3,UFTP,Rural Villages,111153,0,0,Indirect
Pathur,11908,UFTP,Rural Villages,111141,0,0,Indirect
Sivakodu,11901.5,UFTP,Rural Villages,111081,0,1,Indirect
Peddamandyam,11900.2,UFTP,Rural Villages,111069,0,0,Indirect
Rayavaram,11893.7,UFTP,Rural Villages,111008,0,0,Indirect
Gutala,11892.4,UFTP,Rural Villages,110996,0,0,Indirect
Chiluvuru,11888.5,UFTP,Rural Villages,110959,0,0,Indirect
Adavi Budugur,11883.3,UFTP,Rural Villages,110911,0,0,Indirect
Santhabommali,11882,UFTP,Rural Villages,110899,0,0,Indirect
Vajrakarur,11848.2,UFTP,Rural Villages,110583,0,0,Indirect
Penumaka,11837.8,UFTP,Rural Villages,110486,0,0,Indirect
Cheyyeru,11832.6,UFTP,Rural Villages,110438,0,0,Indirect
Kavitam,11823.5,UFTP,Rural Villages,110353,0,0,Indirect
Dharmavaram,11819.6,UFTP,Rural Villages,110316,0,0,Indirect
Palivela,11806.6,UFTP,Rural Villages,110195,0,0,Indirect
Nagasamudram,11797.5,UFTP,Rural Villages,110110,0,0,Indirect
Chintapalle (CT),11792.3,UFTP,Rural Villages,110061,50435.2,0,Indirect
Dhulipudi,11781.9,UFTP,Rural Villages,109964,0,0,Indirect
Sankavaram,11767.6,UFTP,Rural Villages,109831,0,0,Indirect
Nekunampuram   @   Pokur,11766.3,UFTP,Rural Villages,109819,0,0,Indirect
Jampani,11754.6,UFTP,Rural Villages,109710,0,0,Indirect
Jagannadhapuram,11753.3,UFTP,Rural Villages,109697,0,0,Indirect
Bendapudi,11746.8,UFTP,Rural Villages,109637,0,0,Indirect
Ubalanka,11720.8,UFTP,Rural Villages,109394,0,0,Indirect
Ponnamanda,11693.5,UFTP,Rural Villages,109139,0,0,Indirect
Seethanagaram,11684.4,UFTP,Rural Villages,109054,0,0,Indirect
Pandalapaka,11671.4,UFTP,Rural Villages,108933,0,0,Indirect
Morubagal,11670.1,UFTP,Rural Villages,108921,0,0,Indirect
Mutluru,11670.1,UFTP,Rural Villages,108921,0,0,Indirect
Yerrabalem (CT),11664.9,UFTP,Rural Villages,108872,0,0,Indirect
Thullur,11651.9,UFTP,Rural Villages,108751,0,0,Indirect
Surampalle,11644.1,UFTP,Rural Villages,108678,0,0,Indirect
Agency Laxmipuram,11633.7,UFTP,Rural Villages,108581,0,0,Indirect
Mundla Padu,11632.4,UFTP,Rural Villages,108569,0,0,Indirect
Garladinne,11610.3,UFTP,Rural Villages,108363,0,0,Indirect
Patrapalle,11603.8,UFTP,Rural Villages,108302,0,0,Indirect
Pedapadu  I,11592.1,UFTP,Rural Villages,108193,0,0,Indirect
Chinnakurbalapalle (Rural),11583,UFTP,Rural Villages,108108,0,0,Indirect
Tirumala (CT),11572.6,UFTP,Rural Villages,108011,0,1,Indirect
Meliaputti,11572.6,UFTP,Rural Villages,108011,0,0,Indirect
Pachipenta,11568.7,UFTP,Rural Villages,107975,0,0,Indirect
Katheragandla,11567.4,UFTP,Rural Villages,107962,0,0,Indirect
Bheemanapalle,11560.9,UFTP,Rural Villages,107902,0,0,Indirect
Edupuram,11557,UFTP,Rural Villages,107865,0,0,Indirect
Bommagundanahalli,11551.8,UFTP,Rural Villages,107817,0,0,Indirect
Rayabhupalapatnam,11549.2,UFTP,Rural Villages,107793,0,0,Indirect
Sanampudi,11549.2,UFTP,Rural Villages,107793,0,0,Indirect
Korasavada,11541.4,UFTP,Rural Villages,107720,0,0,Indirect
Pippara,11540.1,UFTP,Rural Villages,107708,0,0,Indirect
Rebala,11527.1,UFTP,Rural Villages,107586,0,0,Indirect
Chinnayagudem,11524.5,UFTP,Rural Villages,107562,0,0,Indirect
Devupalle,11523.2,UFTP,Rural Villages,107550,0,0,Indirect
Anandapuram,11521.9,UFTP,Rural Villages,107538,0,0,Indirect
Muggaulla,11502.4,UFTP,Rural Villages,107356,0,0,Indirect
Kaza,11492,UFTP,Rural Villages,107259,0,0,Indirect
Idupulapaya,11480.3,UFTP,Rural Villages,107149,0,0,Indirect
Venkatadri Palem,11472.5,UFTP,Rural Villages,107077,0,0,Indirect
Onipenta,11460.8,UFTP,Rural Villages,106967,0,0,Indirect
Kandanathi,11450.4,UFTP,Rural Villages,106870,0,0,Indirect
Pedda Harivanam,11450.4,UFTP,Rural Villages,106870,0,0,Indirect
Tallapaka,11449.1,UFTP,Rural Villages,106858,0,0,Indirect
Pulluru,11438.7,UFTP,Rural Villages,106761,0,0,Indirect
Ramasamudram,11429.6,UFTP,Rural Villages,106676,0,0,Indirect
Gollapalle,11424.4,UFTP,Rural Villages,106628,0,0,Indirect
Podaralla,11414,UFTP,Rural Villages,106531,0,0,Indirect
Utukuru,11411.4,UFTP,Rural Villages,106506,0,0,Indirect
Peddavadugur,11407.5,UFTP,Rural Villages,106470,0,0,Indirect
Allurupeta,11407.5,UFTP,Rural Villages,106470,0,0,Indirect
Thimmapuram,11398.4,UFTP,Rural Villages,106385,0,0,Indirect
Vinjam,11391.9,UFTP,Rural Villages,106324,0,0,Indirect
Satuluru,11390.6,UFTP,Rural Villages,106312,0,0,Indirect
Agali,11385.4,UFTP,Rural Villages,106264,0,0,Indirect
Vommangi,11378.9,UFTP,Rural Villages,106203,0,0,Indirect
Bestawaripeta,11371.1,UFTP,Rural Villages,106130,0,0,Indirect
Nakkapalle (CT),11365.9,UFTP,Rural Villages,106082,432183.6,1,Indirect
Rellivalasa,11360.7,UFTP,Rural Villages,106033,0,0,Indirect
Kruthivennu,11339.9,UFTP,Rural Villages,105839,0,0,Indirect
Yadamarri,11338.6,UFTP,Rural Villages,105827,0,0,Indirect
Adivi,11333.4,UFTP,Rural Villages,105778,0,0,Indirect
Alamur,11324.3,UFTP,Rural Villages,105693,0,0,Indirect
Achanta Vemavaram,11311.3,UFTP,Rural Villages,105572,0,0,Indirect
Gargeyapuram,11303.5,UFTP,Rural Villages,105499,0,0,Indirect
Penumuru,11278.8,UFTP,Rural Villages,105269,0,0,Indirect
Chandra Sekhara Puram,11278.8,UFTP,Rural Villages,105269,0,0,Indirect
Peda Avutapalle,11268.4,UFTP,Rural Villages,105172,0,0,Indirect
Dharanikota,11263.2,UFTP,Rural Villages,105123,0,0,Indirect
Kalyandurg (Rural),11252.8,UFTP,Rural Villages,105026,0,0,Indirect
Marteru,11252.8,UFTP,Rural Villages,105026,0,0,Indirect
Bayyavaram,11238.5,UFTP,Rural Villages,104893,0,0,Indirect
Ammana Brolu,11234.6,UFTP,Rural Villages,104856,0,0,Indirect
Inamadugu,11225.5,UFTP,Rural Villages,104771,0,0,Indirect
Thimmapuram,11224.2,UFTP,Rural Villages,104759,0,0,Indirect
Rangasamudram,11221.6,UFTP,Rural Villages,104735,0,0,Indirect
T. Kothapalle,11212.5,UFTP,Rural Villages,104650,0,0,Indirect
Peddauppara Palle,11199.5,UFTP,Rural Villages,104529,0,0,Indirect
Nooliveedu,11195.6,UFTP,Rural Villages,104492,225763.74,1,Indirect
Kadiyedda,11180,UFTP,Rural Villages,104347,0,0,Indirect
Vadapalle,11170.9,UFTP,Rural Villages,104262,0,0,Indirect
Pedabrahmadevam,11165.7,UFTP,Rural Villages,104213,0,0,Indirect
Nathavaram,11165.7,UFTP,Rural Villages,104213,0,0,Indirect
Chintaparthi,11164.4,UFTP,Rural Villages,104201,0,0,Indirect
Gudivada,11156.6,UFTP,Rural Villages,104128,248392.17,0,Indirect
Ponnaluru,11154,UFTP,Rural Villages,104104,0,0,Indirect
Seetharamapuram,11154,UFTP,Rural Villages,104104,0,0,Indirect
Beluguppa,11148.8,UFTP,Rural Villages,104055,0,0,Indirect
Raptadu (Part),11142.3,UFTP,Rural Villages,103995,0,0,Indirect
Upputur,11134.5,UFTP,Rural Villages,103922,0,0,Indirect
Mopidevi,11120.2,UFTP,Rural Villages,103789,0,0,Indirect
Kontheru,11111.1,UFTP,Rural Villages,103704,0,0,Indirect
Koppunur,11104.6,UFTP,Rural Villages,103643,0,0,Indirect
Tapeswaram,11079.9,UFTP,Rural Villages,103412,0,0,Indirect
Thettu,11078.6,UFTP,Rural Villages,103400,0,0,Indirect
Havaligi,11074.7,UFTP,Rural Villages,103364,0,0,Indirect
Velangi,11074.7,UFTP,Rural Villages,103364,0,0,Indirect
Kondaveedu,11073.4,UFTP,Rural Villages,103352,0,0,Indirect
Duvvuru,11059.1,UFTP,Rural Villages,103218,0,0,Indirect
Cherukuwada,11050,UFTP,Rural Villages,103133,0,0,Indirect
Chennekothapalle,11043.5,UFTP,Rural Villages,103073,0,0,Indirect
Pasarlapudi,11007.1,UFTP,Rural Villages,102733,0,0,Indirect
Mori,10999.3,UFTP,Rural Villages,102660,0,0,Indirect
Karumanchi,10999.3,UFTP,Rural Villages,102660,0,0,Indirect
Tallakera,10996.7,UFTP,Rural Villages,102636,0,0,Indirect
Sankavaram,10965.5,UFTP,Rural Villages,102345,0,0,Indirect
Kurupam,10956.4,UFTP,Rural Villages,102260,0,0,Indirect
Pamulapadu,10955.1,UFTP,Rural Villages,102248,0,0,Indirect
Totharamudi,10946,UFTP,Rural Villages,102163,0,0,Indirect
Chinakondepudi,10942.1,UFTP,Rural Villages,102126,0,0,Indirect
Tallapalem,10920,UFTP,Rural Villages,101920,0,0,Indirect
Velupuru,10904.4,UFTP,Rural Villages,101774,0,0,Indirect
Damaramadugu,10904.4,UFTP,Rural Villages,101774,0,0,Indirect
Kovvuru,10903.1,UFTP,Rural Villages,101762,0,0,Indirect
Kottam,10891.4,UFTP,Rural Villages,101653,0,0,Indirect
Nagulapalle,10887.5,UFTP,Rural Villages,101617,0,0,Indirect
Muppalla,10884.9,UFTP,Rural Villages,101592,0,0,Indirect
Kankanala Palle,10882.3,UFTP,Rural Villages,101568,0,0,Indirect
Cherukuru,10875.8,UFTP,Rural Villages,101507,0,0,Indirect
Chataparru,10873.2,UFTP,Rural Villages,101483,0,0,Indirect
Battili,10860.2,UFTP,Rural Villages,101362,0,1,Indirect
Aspari,10857.6,UFTP,Rural Villages,101338,0,0,Indirect
Govindpalle,10839.4,UFTP,Rural Villages,101168,0,0,Indirect
Mulapeta,10830.3,UFTP,Rural Villages,101083,0,0,Indirect
Pandilla Palle,10827.7,UFTP,Rural Villages,101059,0,0,Indirect
Bandi Atmakur,10826.4,UFTP,Rural Villages,101046,0,0,Indirect
Etukur,10823.8,UFTP,Rural Villages,101022,0,0,Indirect
Jujjuru,10817.3,UFTP,Rural Villages,100961,0,0,Indirect
Punadipadu,10816,UFTP,Rural Villages,100949,0,0,Indirect
Perur,10814.7,UFTP,Rural Villages,100937,0,0,Indirect
Vedurupavuluru,10812.1,UFTP,Rural Villages,100913,0,0,Indirect
Baireddipalle,10801.7,UFTP,Rural Villages,100816,0,0,Indirect
Gangapatnam,10797.8,UFTP,Rural Villages,100779,0,0,Indirect
Pendikallu,10786.1,UFTP,Rural Villages,100670,0,0,Indirect
Tetali,10786.1,UFTP,Rural Villages,100670,0,0,Indirect
Gottipalla,10775.7,UFTP,Rural Villages,100573,0,0,Indirect
Mandalapalle,10774.4,UFTP,Rural Villages,100561,0,0,Indirect
Kuchinapudi,10764,UFTP,Rural Villages,100464,0,0,Indirect
Agadallanka,10756.2,UFTP,Rural Villages,100391,0,0,Indirect
Kanagala,10752.3,UFTP,Rural Villages,100355,0,0,Indirect
Gangavaram (Part),10738,UFTP,Rural Villages,100221,0,0,Indirect
Pothunuru,10730.2,UFTP,Rural Villages,100149,0,0,Indirect
Pyalakurthy,10727.6,UFTP,Rural Villages,100124,0,0,Indirect
Chikkala,10726.3,UFTP,Rural Villages,100112,0,0,Indirect
Viravada,10719.8,UFTP,Rural Villages,100051,0,0,Indirect
Kowtaram,10719.8,UFTP,Rural Villages,100051,0,0,Indirect
Pasumarru (R),10712,UFTP,Rural Villages,99979,0,0,Indirect
Voppicherla,10700.3,UFTP,Rural Villages,99869,0,0,Indirect
Valasa,10697.7,UFTP,Rural Villages,99845,0,0,Indirect
Peddannavaripalle,10695.1,UFTP,Rural Villages,99821,0,0,Indirect
Srikakulam,10693.8,UFTP,Rural Villages,99809,0,0,Indirect
Rudravaram (Part),10689.9,UFTP,Rural Villages,99772,0,0,Indirect
Pillutla,10683.4,UFTP,Rural Villages,99712,0,0,Indirect
Udumudi,10682.1,UFTP,Rural Villages,99700,0,0,Indirect
Mulaguntapadu (CT),10682.1,UFTP,Rural Villages,99700,0,0,Indirect
Gowripatnam,10670.4,UFTP,Rural Villages,99590,0,0,Indirect
Katuru,10662.6,UFTP,Rural Villages,99518,0,0,Indirect
Pondalur,10647,UFTP,Rural Villages,99372,0,0,Indirect
Nadakuduru,10640.5,UFTP,Rural Villages,99311,0,0,Indirect
Hosur,10635.3,UFTP,Rural Villages,99263,0,0,Indirect
Mogallu,10617.1,UFTP,Rural Villages,99093,0,0,Indirect
Madhavapatnam,10611.9,UFTP,Rural Villages,99044,0,0,Indirect
Polaki,10597.6,UFTP,Rural Villages,98911,0,0,Indirect
Pedaravuru,10596.3,UFTP,Rural Villages,98899,0,0,Indirect
Vella,10595,UFTP,Rural Villages,98887,0,0,Indirect
Karalapadu,10592.4,UFTP,Rural Villages,98862,0,0,Indirect
Tallamudi,10591.1,UFTP,Rural Villages,98850,0,0,Indirect
Davuluru,10588.5,UFTP,Rural Villages,98826,0,0,Indirect
Rallahalli,10585.9,UFTP,Rural Villages,98802,0,0,Indirect
Cherukuru,10584.6,UFTP,Rural Villages,98790,0,0,Indirect
Munnelli,10571.6,UFTP,Rural Villages,98668,0,0,Indirect
Chennamukkapalle (CT),10562.5,UFTP,Rural Villages,98583,0,0,Indirect
P.Kotakonda,10558.6,UFTP,Rural Villages,98547,0,0,Indirect
Venigandla,10557.3,UFTP,Rural Villages,98535,0,0,Indirect
Tavalam,10552.1,UFTP,Rural Villages,98486,0,0,Indirect
Jinnuru,10546.9,UFTP,Rural Villages,98438,0,0,Indirect
Borivanka,10544.3,UFTP,Rural Villages,98413,0,0,Indirect
Bhogapuram,10540.4,UFTP,Rural Villages,98377,0,0,Indirect
Penugolanu,10532.6,UFTP,Rural Villages,98304,0,0,Indirect
Kovurpalle,10532.6,UFTP,Rural Villages,98304,0,0,Indirect
Chinakakani,10524.8,UFTP,Rural Villages,98231,0,0,Indirect
Voolapalle,10517,UFTP,Rural Villages,98159,0,0,Indirect
Boddikura Padu,10506.6,UFTP,Rural Villages,98062,0,0,Indirect
Chowdepalle,10504,UFTP,Rural Villages,98037,0,0,Indirect
Ganapavaram,10497.5,UFTP,Rural Villages,97977,0,0,Indirect
Muddada,10485.8,UFTP,Rural Villages,97867,0,0,Indirect
Malkapuram,10480.6,UFTP,Rural Villages,97819,0,0,Indirect
Gurajanapalle,10478,UFTP,Rural Villages,97795,0,0,Indirect
Halaharvi,10471.5,UFTP,Rural Villages,97734,0,0,Indirect
Kotauratla,10468.9,UFTP,Rural Villages,97710,0,0,Indirect
Shermohammedpet,10467.6,UFTP,Rural Villages,97698,0,0,Indirect
Midthur,10458.5,UFTP,Rural Villages,97613,0,0,Indirect
Sodam,10457.2,UFTP,Rural Villages,97601,0,0,Indirect
Ethamukkala,10457.2,UFTP,Rural Villages,97601,0,0,Indirect
Dornipadu,10452,UFTP,Rural Villages,97552,0,0,Indirect
Halukuru,10446.8,UFTP,Rural Villages,97503,0,0,Indirect
Konkuduru,10445.5,UFTP,Rural Villages,97491,0,0,Indirect
Muchumarri,10424.7,UFTP,Rural Villages,97297,0,0,Indirect
Kanaganapalle,10413,UFTP,Rural Villages,97188,0,0,Indirect
Venkatagiri,10409.1,UFTP,Rural Villages,97152,1140492.76,1,Indirect
Rampa Yerrampalem,10406.5,UFTP,Rural Villages,97127,0,0,Indirect
Murari,10392.2,UFTP,Rural Villages,96994,0,0,Indirect
Pendyala,10392.2,UFTP,Rural Villages,96994,0,0,Indirect
Gandrajupalle,10388.3,UFTP,Rural Villages,96957,0,0,Indirect
Lakkavaram,10381.8,UFTP,Rural Villages,96897,0,0,Indirect
Vedireswaram,10381.8,UFTP,Rural Villages,96897,0,0,Indirect
Chowdavaram,10374,UFTP,Rural Villages,96824,0,0,Indirect
Amidala,10372.7,UFTP,Rural Villages,96812,0,0,Indirect
Gokanakonda,10361,UFTP,Rural Villages,96703,0,0,Indirect
Palagara,10354.5,UFTP,Rural Villages,96642,0,0,Indirect
Amudalapalli,10349.3,UFTP,Rural Villages,96593,0,0,Indirect
Dronadula,10346.7,UFTP,Rural Villages,96569,0,0,Indirect
Thimmapuram,10342.8,UFTP,Rural Villages,96533,0,0,Indirect
Ayinamukkala,10325.9,UFTP,Rural Villages,96375,0,0,Indirect
Malikipuram,10324.6,UFTP,Rural Villages,96363,0,0,Indirect
Kandlakunta,10324.6,UFTP,Rural Villages,96363,0,0,Indirect
Velvadam,10323.3,UFTP,Rural Villages,96351,0,0,Indirect
Kodavatipudi,10316.8,UFTP,Rural Villages,96290,0,0,Indirect
Potladurthi,10316.8,UFTP,Rural Villages,96290,0,0,Indirect
Gadivemula,10311.6,UFTP,Rural Villages,96242,0,0,Indirect
Madivada,10309,UFTP,Rural Villages,96217,0,0,Indirect
Kasumuru,10306.4,UFTP,Rural Villages,96193,0,0,Indirect
Madugula,10305.1,UFTP,Rural Villages,96181,0,0,Indirect
Brahmanakotkur,10305.1,UFTP,Rural Villages,96181,0,0,Indirect
Pavara,10303.8,UFTP,Rural Villages,96169,0,0,Indirect
Vempa,10303.8,UFTP,Rural Villages,96169,0,0,Indirect
Pedaparimi,10296,UFTP,Rural Villages,96096,0,0,Indirect
Uppalapadu,10296,UFTP,Rural Villages,96096,0,0,Indirect
Mallavolu,10294.7,UFTP,Rural Villages,96084,0,0,Indirect
Gundlakonda,10292.1,UFTP,Rural Villages,96060,0,0,Indirect
Bethapudi,10289.5,UFTP,Rural Villages,96035,0,0,Indirect
North Valluru,10286.9,UFTP,Rural Villages,96011,0,0,Indirect
Nandivelugu,10285.6,UFTP,Rural Villages,95999,0,0,Indirect
Vanavolu,10273.9,UFTP,Rural Villages,95890,0,0,Indirect
Kongavanipalem,10273.9,UFTP,Rural Villages,95890,0,0,Indirect
Inamanamellur,10272.6,UFTP,Rural Villages,95878,0,0,Indirect
Bantumilli,10266.1,UFTP,Rural Villages,95817,0,0,Indirect
Annavaram,10263.5,UFTP,Rural Villages,95793,0,0,Indirect
Isukapatlapangidi,10247.9,UFTP,Rural Villages,95647,0,0,Indirect
Kalla,10245.3,UFTP,Rural Villages,95623,0,1,Indirect
Pamidi Padu,10241.4,UFTP,Rural Villages,95586,0,0,Indirect
Epuru,10238.8,UFTP,Rural Villages,95562,0,0,Indirect
Tuggali,10236.2,UFTP,Rural Villages,95538,0,0,Indirect
Gonugunta,10227.1,UFTP,Rural Villages,95453,0,0,Indirect
Matli,10219.3,UFTP,Rural Villages,95380,0,0,Indirect
Malayanur,10198.5,UFTP,Rural Villages,95186,0,0,Indirect
Gugudu,10197.2,UFTP,Rural Villages,95174,0,0,Indirect
Amadagur,10193.3,UFTP,Rural Villages,95137,0,0,Indirect
Murakambattu (CT),10184.2,UFTP,Rural Villages,95053,0,0,Indirect
Moragudi (CT),10184.2,UFTP,Rural Villages,95053,0,0,Indirect
Chennampalle,10173.8,UFTP,Rural Villages,94955,0,0,Indirect
Podagatlapalle,10162.1,UFTP,Rural Villages,94846,0,0,Indirect
Chapala Madugu,10159.5,UFTP,Rural Villages,94822,0,0,Indirect
Yenuguvanilanka,10154.3,UFTP,Rural Villages,94773,0,0,Indirect
Cherlopalle,10154.3,UFTP,Rural Villages,94773,0,0,Indirect
Kuchipudi,10147.8,UFTP,Rural Villages,94713,0,0,Indirect
Pulipadu,10147.8,UFTP,Rural Villages,94713,0,0,Indirect
Guduru,10145.2,UFTP,Rural Villages,94689,0,0,Indirect
Kalugodu,10137.4,UFTP,Rural Villages,94616,0,0,Indirect
Vegayammapeta,10129.6,UFTP,Rural Villages,94543,0,0,Indirect
Veeravalli,10128.3,UFTP,Rural Villages,94531,0,0,Indirect
Peravaram,10110.1,UFTP,Rural Villages,94361,0,0,Indirect
I. Polavaram,10104.9,UFTP,Rural Villages,94312,0,0,Indirect
Lankalakoderu,10104.9,UFTP,Rural Villages,94312,0,0,Indirect
Unagatla,10098.4,UFTP,Rural Villages,94252,0,0,Indirect
Vallabhapuram,10095.8,UFTP,Rural Villages,94227,0,0,Indirect
Tummapudi,10073.7,UFTP,Rural Villages,94021,0,0,Indirect
Gollapalle,10068.5,UFTP,Rural Villages,93973,0,0,Indirect
Konda Gunturu,10067.2,UFTP,Rural Villages,93961,0,0,Indirect
Pedabhogila,10065.9,UFTP,Rural Villages,93948,0,0,Indirect
Peddachintakunta,10064.6,UFTP,Rural Villages,93936,0,0,Indirect
Gogannamattam,10063.3,UFTP,Rural Villages,93924,0,0,Indirect
Lingasamudram,10043.8,UFTP,Rural Villages,93742,0,0,Indirect
Yellanur,10038.6,UFTP,Rural Villages,93694,0,0,Indirect
Kantabamsuguda (CT),10037.3,UFTP,Rural Villages,93681,0,0,Indirect
Malleswaram,10037.3,UFTP,Rural Villages,93681,0,0,Indirect
Veparala (CT),10034.7,UFTP,Rural Villages,93657,0,0,Indirect
D. Polavaram,10029.5,UFTP,Rural Villages,93609,0,0,Indirect
Burugupudi,10024.3,UFTP,Rural Villages,93560,0,0,Indirect
Kanavaram,10020.4,UFTP,Rural Villages,93524,0,0,Indirect
Palakoderu,10017.8,UFTP,Rural Villages,93499,0,0,Indirect
E.Thandrapadu,10013.9,UFTP,Rural Villages,93463,0,0,Indirect